dataId,region,genre,contentType,title,length,releaseYear,votes,rating,description
102043,United States,Crime,movie,Adios Vaya Con Dios,95.0,2014,357,8.7,"Inspired by real events a day of reckoning approaches for Rory, a rising Irish-Mexican street gang member, when his trusted life-long friend Eloy, is released from prison."
99447,India,Crime,movie,Shadow Assassins,125.0,2022,383,8.4,"Nirbhay Kalita, a young ambitious boy who got sucked into vengeance after his dear ones are assassinated."
97982,United States,Horror,movie,The Belly of the Beast,89.0,2008,398,9.0,"In 2008, 12 Disciples of Satan are released upon the earth, to do battle with 12 Disciples of direct descendants of the Apostles."
95398,India,Thriller,movie,Bulbule,95.0,2021,426,8.9,"Two friends, Harmeet and Irfan, from two different minority communities in India, meet after a gap of 5 years. What begins as a conversation amongst two friends catching up on old times, ...                 »
"
93551,India,Crime,movie,Baaram,92.0,2018,449,8.0,"Karuppasamy, a watchman, lives with his sister, Menmozhi, and her family in Tamil Nadu. Early one morning, Karuppasamy is involved in a hit-and-run accident and breaks his hip. 8 days later, he is dead. How did Karuppasamy die?"
93061,India,Crime,movie,College road,124.0,2022,456,9.3,"Ajay, a college student develops software to help nab cyber criminals. At the same time, a cyber crime spree is happening in Chennai."
91371,India,Crime,movie,Nirbandham,83.0,2020,480,8.4,The movie delves into the psychology of rapists while also depicting the heart wrenching darker aspects brought out by the lockdown during coronavirus pandemic.
89982,India,Horror,movie,Ieandavi,117.0,2021,502,8.7,"Three couples take on an adventurous journey into the forest but soon one of the girls goes missing. Their search for her takes a horrific turn when one of the boys dies. Soon, the group ...                 »
"
83505,United States,Thriller,movie,Interview with the Antichrist,100.0,2020,618,8.4,A live interview with the Antichrist is broadcast to 2 billion people during the final year of the Great Tribulation.
82785,United States,Thriller,movie,By Deception,94.0,2022,633,8.6,A promising novelist finds himself trapped in a terrifying reality as he reckons with the notion that a murderer is in his midst.
78855,India,Crime,movie,Thanks Maa,120.0,2009,729,8.1,A homeless petty thief attempts to find the biological mother of an abandoned baby.
78095,United States,Crime,movie,The Deposition,80.0,2012,750,8.1,"When a man is involved in a car wreck that kills his former lover, his life is derailed and his mind is splintered with guilt and the subsequent uncertainty about what exactly happened. Now...                 »
"
77746,India,Crime,movie,Thazhvaram,130.0,1990,760,8.1,Balan and Raju's friendly relationship turns into rivalry when Raju murders his wife and robs his hard-earned money. Balan decides to take revenge on Raju.
77806,Canada,Crime,movie,Bloody Romeo,128.0,2021,758,8.0,"Some mysterious events are the talk of the town. Amongst these strange incidents there is an introvert, soft hearted guy Romeo; he is happy being single until one day he meets Layla."
75907,India,Thriller,movie,Beega,-1.0,2023,817,9.9,"Add a Plot
"
75729,India,Crime,movie,Drishya,154.0,2014,822,8.3,A man takes desperate measures to try to save his family from the dark side of the law after they commit an unexpected crime.
75777,India,Thriller,movie,Long Drive,-1.0,2023,820,9.2,"A couple, and two friends, who go through some hardship during the trip."
75038,India,Thriller,movie,Dokyala Shot,122.0,2019,845,8.0,"A Marathi boy suffers a head injury which results in him losing his memory. After the accident, his friends find out that he has no clue about his impending marriage."
74480,India,Thriller,movie,Raado,142.0,2022,864,8.9,"Powerful people with strong political influence, leaders of the crowd, and determined law enforcement collide with one another and the universe implodes."
74157,United States,Crime,movie,Sweeney Todd: The Demon Barber of Fleet Street in Concert,150.0,-1,876,8.6,"This movie is a recorded performance in concert. It all begins when Benjamin Barker( George Hearn), a mysterious,quiet,and subtle barber, returns to his hometown in London after escaping ...                 »
"
73646,India,Horror,movie,Deyyam,98.0,2021,895,8.0,This film explores the competing strengths of a father's love and an evil spirit's will to possess.
71677,India,Thriller,movie,Kiriti Roy,143.0,2016,973,8.9,"The story revolves around five friends--Sunil, Brajesh, Ranjan, Suhash, and Avijit--who are all attracted to their common friend Basobi, who seems to be close to Ranjan. Then, she suddenly ...                 »
"
70363,India,Crime,movie,Ganaa,-1.0,2023,1119,10.0,"Add a Plot
"
70103,India,Crime,movie,Dhwani,116.0,2022,1045,8.7,"The plot captivates the viewer with its special screenplay by unfolding multiple twists, keeping the audience engaged throughout the movie. The story revolves around a mysterious and brutal...                 »
"
70111,India,Thriller,movie,Kadala Theerada Bhargava,-1.0,2023,1044,9.0,"Add a Plot
"
68275,India,Thriller,movie,Kadhanika,128.0,2021,1132,8.6,Its Horror movie
67751,India,Crime,movie,Case 30,120.0,2022,1158,9.0,CASE 30 tells the story of a murder case which has been assigned to Crime Branch Officer Arjun bharadwaj. How Arjun investigates and unthreads the case is the rest of the story.
67246,India,Horror,movie,Shhh!,135.0,1993,1185,8.7,"A film crew arrives at a village and is soon haunted by supernatural beings, during their shoot of a horror movie."
66507,India,Crime,movie,Kali Jotta,130.0,2023,1227,8.2,Kali Jotta revolves around the life and struggle of Raabia and her student Anant. Their relationship raises various questions and disagreements towards the politics of gender performativity in Indian cultural system.
66728,India,Crime,movie,3E,110.0,2022,1215,8.5,"Following the closing arguments in a murder trial, the case is about to be closed as a guilty verdict with a unanimous decision. But a Jr. lawyer casts considerable doubt on elements of the case which shall derail the total conflict"
61636,India,Crime,movie,Kurangu Bommai,106.0,2017,1574,8.0,"A loyal worker, Sundaram takes orders from his boss Ekamabaram, even when Ekamabaram asks Sundaram to smuggle a valuable idol in his car."
60795,India,Crime,movie,Chase in the dark,143.0,2022,1648,8.5,"Conflicted, troubled individuals search for ways to get over their personal and professional turmoil and their lives come across and intersect with each other with such incidents that change their life forever!!! Chase subtly touches many grave issues and gives a strong message that no matter what happens, giving up and running away is not the answer!"
58666,United States,Horror,tvSeries,GEMINI HOME ENTERTAINMENT,-1.0,2019,103,8.7,"Various educational tapes that tell a story about strange creatures, an odd disease, and the end of the world."
58806,India,Crime,movie,Drushyam 2,155.0,2021,1845,8.2,Secrets from the past are brought to light due to an unexpected turn of events. Can Rambabu save his family this time?
58808,India,Crime,movie,Ardh Satya,130.0,1983,1845,8.1,"A newly appointed police rookie deals with corruption, romance, and brutality."
57690,India,Thriller,tvSeries,Goyenda Ginni,-1.0,2015,107,8.4,"Mrs Parama Mitra, a middle-aged woman, catches the eye of a policeman when she solves a theft case. She is offered a job as an investigator but she must balance it with her homemaker duties."
57325,India,Thriller,tvSeries,Achanak 37 Saal Baad,-1.0,2002,108,9.0,Strange things happen in Gahota every 37 years causing a strange hysteria in people and leading them to kill others or themselves and not remembering anything once the cycle is over in a few months.
56726,United States,Sport,tvSeries,Michael Fassbender: Road to Le Mans,-1.0,2019,111,8.6,Michael Fassbender's journey from novice racer to Le Mans competitor.
56729,India,Horror,tvSeries,Ratris Khel Chale,22.0,2016,111,8.1,"Naik family consists of Anna his wife 3 sons and a widowed daughter his sons Dattaram,Abhiram and daughter Chhaya stay with him in the village his elder son Mahadav his settled with his ...                 »
"
56869,United States,Crime,tvSeries,True Blue,60.0,1989,110,8.7,The Emergency Service Unit of the NYPD is a fast paced team performing tactical and rescue operations beyond the scope of the beat cop. The focus is the bizarre circumstances the diverse group encounters.
55983,United States,Sport,tvSeries,NFL Top 10,47.0,2007,114,8.2,"NFL Top 10 is a high-octane perspective that provides analysis of some of the most intriguing subjects in the NFL, creating and debating a top ten list for each category. Each episode ...                 »
"
56219,India,Crime,movie,Cherasaala,140.0,2022,1985,8.8,"Add a Plot
"
55822,United Kingdom,Crime,tvSeries,Gangsters,50.0,1976,115,8.0,"Hard-hitting drama in which Maurice Colbourne plays John Kline, a former SAS operative and convicted criminal who is released from prison and recruited to act as an undercover agent within Birmingham's underworld."
55866,United States,Crime,tvSeries,Animal Precinct,60.0,2001,115,8.4,"Animal Precinct follows the officers of the Humane Law Enforcement division of the American Society for the Prevention of Cruelty to Animals (ASPCA) as they investigate cases of animal ...                 »
"
55023,United States,Crime,tvSeries,Unlocking the Truth,60.0,2016,119,8.2,"Love, lust, murder, mystery, suspense...all the makings of a great dramatic story. The catch? It's not a fictional story. It's real life. This serialized documentary series follows the ...                 »
"
55389,United States,Crime,tvSeries,Pandora's Box: Unleashing Evil,-1.0,2016,117,8.6,"Most stories end with the crime, but sometimes the crime scene represents just the tip of the iceberg. From a murder scene that tipped police off to a polygamist secret society to a random ...                 »
"
53925,India,Crime,movie,Yutham Sei,160.0,2011,2132,8.0,A common man's ability to defeat the devil. A cop identifies the mystery and solves the problem.
53938,India,Crime,movie,C.S.I Sanatan,-1.0,2023,2130,9.6,"A CSI agent investigates the murder of a company's CEO. As new information about the victim and the five suspects who are his employees comes to light, the case gets more complicated"
54238,India,Crime,movie,Mulshi Pattern,155.0,2018,2122,8.3,"A stark portrayal of the hardships faced by farmers, Mulshi Pattern tackles some of the raging issues of our times. The film lays bare the deep flaws of the system which turns the farmer into a criminal and a social outcast."
53617,United States,Sport,tvSeries,Home Run Derby,30.0,1959,126,8.6,"A series of filmed home run contests between two sluggers of the late 1950s/early 1960s, one National Leaguer, one American Leaguer. The batters had to swing at every pitch in the strike ...                 »
"
52964,India,Crime,movie,Stop Watch,86.0,2022,2208,8.4,"Jay is a popular businessman, whose wife (Harika) mysteriously goes missing. Yogi is a lawyer hired by the victim's family. Based on the evidence found by the Forensic Department, Yogi ...                 »
"
53051,India,Horror,movie,Bairan Palli,91.0,2022,2193,8.8,Telugu film directed by Venkat Kacharla.
53279,Canada,Crime,tvSeries,Faits divers,41.0,2017,127,8.2,-A triple murder shatters the calm of a small Québec town (in Canada).
52747,United Kingdom,Crime,tvSeries,The Knock,-1.0,1994,130,8.0,The Knock follows Her Majesty's Customs and Excise officers' lives and their efforts to hunt down the criminals trying to smuggle all sorts of contraband to the UK.
52182,Canada,Crime,tvSeries,Omertà - Le dernier des hommes d'honneur,-1.0,1999,134,8.3,"Add a Plot
"
51585,India,Crime,movie,Vazhakku Enn 18/9,124.0,2012,2317,8.3,A girl gets in trouble when her boyfriend films her private moments on his mobile phone without her knowledge.
51738,United States,Crime,tvSeries,ATL Homicide,60.0,2018,136,8.2,"A reality-based crime story series with interesting plot twists dealing with some of the citizens of Atlanta. The dramatizations are profoundly chosen. The true life stories include unusual...                 »
"
51017,India,Crime,tvSeries,Shahi Majra,-1.0,2022,139,8.3,"It revolves around the story of Agam, a simple and sober village girl who falls prey to the lavish city lifestyle of chandigarh. The story follows her life story and also death."
51347,United States,Crime,tvSeries,Detective Diaries,-1.0,2021,138,8.3,Follows five American detectives as they trigger memories and reexamine the shocking cases that defined their careers.
51390,India,Thriller,tvSeries,Jasoos Vijay,-1.0,2002,138,8.5,Detective Vijay must find the killers before they commit further murders and must educate the village people about HIV/AIDS.
50877,United Kingdom,Sport,tvSeries,Football's Greatest,-1.0,2010,141,8.5,Football's greatest is TV-series featuring one of the best players of the game
50013,Canada,Crime,tvSeries,Exhibit A: Secrets of Forensic Science,-1.0,1997,146,8.3,This series features interesting crimes stories where forensic science played critical role in solving.
49060,United States,Sport,tvSeries,Dhani Tackles the Globe,-1.0,2009,153,8.2,"Dhani Jones will need more than shoulder pads where he's going. The famed NFL linebacker and Renaissance man is about to embark on a global sports odyssey that will take him anywhere with a...                 »
"
48719,United Kingdom,Thriller,tvSeries,Bird of Prey,50.0,1982,154,8.3,A minor bureaucrat battles a ruthless international criminal organization.
48197,India,Crime,tvSeries,Special Squad,-1.0,2005,158,8.5,"Special Squad solves crimes that are ingeniously designed, meticulously planned and brilliantly executed. In short, Special Squad busts perfect crimes - almost perfect."
48261,India,Thriller,tvSeries,Roktokorobi,355.0,2023,157,8.2,One of Satyaki's patients commits suicide while under treatment. It leaves him broken. He quits practicing as a psychologist as locals ransack his chamber. Satyaki goes to his aunt's house at Jonai where uncanny events start taking place.
48289,United States,Crime,tvSeries,The Jersey Connection,-1.0,2018,157,8.3,"Explosive tales of vengeance, violence and greed are depicted in this stylized crime saga set in New Jersey."
47707,United States,Crime,tvSeries,The Shift,60.0,2008,162,8.3,"First class, experienced homicide detectives work together to solve murders of every kind and motive in Indianapolis, Indiana."
47244,United Kingdom,Crime,tvSeries,Stanton Blues,50.0,1998,165,8.3,"This is a police drama series that depicts the working lives of a group of policemen in the fictitious Northern town of Stanton. The filming is done in a fly-on-the-wall, documentary style ...                 »
"
46302,United States,Crime,tvSeries,The Roaring 20's,60.0,1960,172,8.1,The adventures of a newspaper reporter covering the world of cops and gangsters in 1920s Chicago.
45255,United States,Crime,tvSeries,87th Precinct,60.0,1961,181,8.3,"Manhattan's 87th precinct forms the backdrop for this grim and gritty police drama based on the long-running series of novels by Ed McBain. Storylines focus on neighborhood crime, and the ...                 »
"
44806,United States,Crime,tvSeries,Caught in Providence,23.0,2000,184,8.1,"Real people have their cases heard in Providence Municipal Court. The cases include traffic, parking, and arraignments for criminal offences. ""You could never script the excuses that are ...                 »
"
43790,United States,Horror,tvSeries,Vampire: The Masquerade: L.A. By Night,-1.0,2018,192,8.8,"Led by Storyteller Jason Carl of White Wolf Entertainment, L.A. By Night is a dark tale of personal horror and inhuman conspiracy that sees four vampires doing their best to navigate the ...                 »
"
43801,United States,Crime,tvSeries,100 Centre Street,60.0,2001,192,8.0,The lives and work of the staff of a New York City courthouse.
42883,United States,Thriller,tvSeries,Declassified: Untold Stories of American Spies,42.0,2016,199,8.1,"Explore the true stories of America's covert operations told firsthand by the agents who lived them, while getting unprecedented access to the riveting and secret world of espionage."
41786,United States,Horror,tvSeries,Survivors Zombies,-1.0,2019,211,8.0,"The series is based on the Robert Kirkman, Tony Moore and Charlie Adlard comic series - 'The Walking Dead' -. The story focuses on the United States and the extinction of the Zombies and ...                 »
"
42312,India,Crime,tvSeries,Tehkikaat,-1.0,1994,205,8.5,"Two private detectives, Sam D'Silva and Gopichand, embark on different quests to solve various murder mysteries."
40650,India,Crime,movie,Iraivi,160.0,2016,3439,8.0,A drama about an alcoholic filmmaker and his friends who bring trouble to the women in their lives.
40671,India,Crime,movie,Sathuranga Vettai,145.0,2014,3434,8.1,"Ace conman Gandhi effortlessly thinks up schemes to swindle gullible and greedy folks. However on a rare occasion, things don't go according to plan and he ends up in the clutches of a ruthless gang who demand schemes from him for money."
39979,United States,Sport,tvSeries,Cruiserweight Classic: CWC,60.0,2016,228,8.5,A 32 man lightweight tournament airing on the WWE Network showcasing talents from all around the world.
40337,United States,Horror,tvSeries,UnDeadwood,-1.0,2019,225,8.8,"In the town of Deadwood, where rumors of supernatural happenings and illegal mining activity have come to a head, five strangers are hired to investigate, fight an evil they've never encountered and save their very souls in the process."
39886,United States,Sport,tvSeries,UFC PPV Events,-1.0,1993,230,8.7,"Add a Plot
"
39374,United States,Horror,tvSeries,The Backrooms,6.0,2022,235,8.6,A mystery series revolving around a plot to get inside a mysterious alternate dimension known as The Backrooms.
38634,India,Thriller,movie,Chotushkone,148.0,2014,3724,8.2,Four famous directors and old friends are reunited together by an unknown producer to make a film. They make four short story in this film with one theme: Death.
38879,United States,Crime,tvSeries,Johnny Staccato,24.0,1959,241,8.1,Johnny Staccato is a jazz pianist and private detective.
37934,United States,Crime,tvSeries,EZ Streets,60.0,1996,252,8.4,"Gritty crime drama set in a corrupt decaying city near the Canada-U.S. border about the leader of a vicious new gang called the EZs, a dedicated cop who's struggling to stop him, and an ex-con forced to work for the gangster."
36872,United Kingdom,Crime,tvSeries,Gideon C.I.D.,60.0,1964,267,8.1,Follows Commander George Gideon of Scotland Yard and his family life.
35976,United States,Crime,tvSeries,On Patrol: Live,-1.0,2022,278,9.1,It follows the everyday lives of police officers on patrol from diverse departments across America.
35989,United Kingdom,Crime,tvSeries,Five Red Herrings,-1.0,1975,278,8.1,"Solve the mystery with Lord Peter Wimsey, based on the book by Dorothy L Sayers."
36060,India,Crime,movie,Mahanadi,162.0,1994,4197,8.6,"An innocent man is framed in a financial scam and imprisoned. After his release, he learns that his daughter was sold into prostitution and he struggles to free her."
36362,United States,Crime,tvSeries,Live PD Presents PD Cam,30.0,2018,275,8.2,"PC Cam is law enforcement, up close and personal. In each 30-minute, heart-pumping episode, Sgt Sean ""Sticks"" Larkin of the Tulsa Police Department Gang Unit brings viewers an honest and ...                 »
"
34972,India,Sport,tvSeries,2011 Cricket World Cup,-1.0,2011,295,9.4,"The 2011 ICC Cricket World Cup (officially known as ICC Cricket World Cup 2011) was the tenth Cricket World Cup. It was played in India, Sri Lanka, and (for the first time) Bangladesh. ...                 »
"
35291,United Kingdom,Crime,tvSeries,Maigret,50.0,1960,292,8.0,Televisations of the Maigret novels by Georges Simenon.
35296,United Kingdom,Crime,tvSeries,A Dorothy L. Sayers Mystery,52.0,1987,292,8.2,A gentleman sleuth solves mysteries and falls in love with a detective novelist.
35310,Canada,Thriller,tvSeries,"Omerta, la loi du silence",528.0,1996,292,8.4,"Gilbert Tanguay, the director of the anti-crime squad, hires two men to catch the head of Montreal's Mafia, Giuseppe Scarfo. One, Pierre Gauthier, is going to lead the investigation, and ...                 »
"
34745,India,Crime,movie,Drushyam,150.0,2014,4407,8.3,"Rambabu (Venkatesh Daggubati), a cable operator, tries to protect his family from paying the price for their accidental crime."
34207,India,Crime,movie,Operation Java,146.0,2021,4537,8.1,"The story revolves around a group of officers and a series of mysteries, events and cases reported before them in the Cyber Cell. It is also about how they plan and execute their operations."
34258,United Kingdom,Crime,tvSeries,The Unpleasantness at the Bellona Club,180.0,1972,311,8.2,"When one of the members of the Bellona Club passes away, Lord Wimsey is brought in to determine the time of death for testamentary purposes."
33848,Canada,Thriller,tvSeries,Fortier,40.0,2001,317,8.0,"Anne Fortier détient un doctorat en psychologie, doublé d'une spécialité en clinique criminelle. Elle exerce son métier comme contractuelle au SAS - la Section anti-sociopathes -, escouade ...                 »
"
33377,Canada,Crime,tvSeries,Rookie Blue Webisodes,-1.0,2014,325,8.4,This series of companion webisodes follows the officers and rookies of Rookie Blue as they undergo psychiatric evaluation and a critical stakeout.
32266,United Kingdom,Crime,tvSeries,Looking After Jo Jo,50.0,1998,350,8.3,Set on an Edinburgh council estate in the bleak 1980's rising drug dealer Jo-Jo McCann is hellbent on gaining money and power at all costs.
31799,United States,Crime,tvSeries,M Squad,30.0,1957,359,8.1,"The hard-hitting adventures of tough Lieutenant Frank Ballinger, a member of the Chicago Police Department's M Squad, an elite crime-fighting unit."
31286,India,Crime,tvSeries,Dev,-1.0,2017,371,8.8,"Showcasing stories inspired from real life events, this fictionalized investigative thriller plunges viewers into the world of Dev Burman - a detective who is an enigma in himself."
30938,United Kingdom,Crime,tvSeries,Public Eye,60.0,1965,375,8.5,"Cynical, dour and world-weary, private eye Frank Marker is frequently the unwitting stooge in bigger criminal wheels in his attempts to make a tenuous living on the outskirts of London."
29970,United States,Sport,tvSeries,Steve Austin's Broken Skull Sessions,-1.0,2019,398,8.5,Stone Cold Steve Austin interviews WWE Superstars and legends.
30430,United States,Crime,tvSeries,Robbery Homicide Division,60.0,2002,387,8.0,Drama centers on Lt. Sam Cole and his team of cops in the elite robbery/homicide division of the Los Angeles Police Department.
29513,India,Crime,movie,Joseph,138.0,2018,5821,8.0,"The story develops through the life of four retired policemen. It has the tone of a thriller investigation. An issue affecting the life of Joseph, the central character, and his family is being investigated."
29877,United States,Sport,tvSeries,New Japan Pro Wrestling,-1.0,2015,404,8.6,"A hard hitting, fast paced, strong style alternative to professional wrestling. The stars of New Japan show up - to show off."
29903,Canada,Sport,tvSeries,Hockey Night in Canada,-1.0,1952,403,9.4,The premiere Canadian prime time NHL ice hockey telecast program.
28900,United Kingdom,Thriller,tvSeries,Harry's Game,180.0,1982,429,8.0,"Harry is an undercover agent for the British army sent to Northern Ireland to infiltrate the IRA and find (and terminate) the assassin of a British Cabinet Minister. Harry is alone, the ...                 »
"
28037,India,Crime,movie,Evaru,118.0,2019,6329,8.1,Sub-inspector Vikram Vasudev is entrusted with the task of investigating the murder of a high ranking officer who was killed by his alleged rape victim. When he delves deeper into the case he uncovers some surprising facts.
27763,United States,Crime,tvSeries,I'd Kill for You,-1.0,2013,471,8.1,Ordinary people are involved in true cases of murder. Everything is not what it seems.
27825,United States,Horror,tvSeries,Elvira's Movie Macabre,120.0,2010,467,8.5,"A revamping, if you will, of the 1980's classic horror movie showcase, hosted by Elvira, Mistress of the Dark."
27045,United States,Thriller,movie,Graves End,90.0,2005,6689,8.6,"When society turns their back on reformed felons, the town of Graves End welcomes them but when the ex-cons disappear, FBI agent Paul Rickman comes looking for them and discovers more than he expected."
26474,United States,Crime,tvSeries,It Takes a Thief,46.0,2005,508,8.3,"Two guys teach families how to secure their homes, by first breaking into them."
26595,India,Crime,movie,Thondi Muthalum Driksakshiyum,135.0,2017,6862,8.1,"Prasad and Sreeja enter wedlock and move to a new place to continue the rest of their lives. Unfortunate events begin to take place after Prasad, a small-time thief, robs Sreeja's gold chain during a bus journey."
26763,United States,Sport,tvSeries,Barstool Yak,-1.0,2021,506,9.8,"Kyle Bauer hosts this witty-whack show, as he's joined along by his subordinates to uncover the truth about society's deepest issues, whilst the cast and crew actively try to avoid getting ...                 »
"
25885,United States,Crime,tvSeries,Strange Luck,60.0,1995,534,8.2,"A photographer suffers from ""strange luck,"" and is the victim of both good and bad coincidences that involve him in the problems of others."
25102,India,Crime,movie,Nayattu,124.0,2021,7564,8.1,"Three police officers who are on a run for life, escaping the outbreak against them due to the unlawful arrest and torture of a civilian. It brings in a few shades of arrogant yet very much human police officers and their helplessness."
25138,India,Crime,movie,Garuda Gamana Vrishabha Vahana,151.0,2021,7522,8.3,"Set in the backdrop of the coastal and cultural city of modern-day Mangaluru, Hari and his soulmate Shiva rise together to great heights only to face off as bitter enemies resulting to their own downfall and destruction."
24467,United Kingdom,Crime,tvSeries,Between the Lines,50.0,1992,587,8.2,British police drama following the team at the Complaints Investigation Bureau - the unit that polices the police.
24672,India,Crime,movie,Thadam,138.0,2019,7733,8.2,The murder of a youngster creates confusion among cops when they discover the suspect has a lookalike.
24688,India,Crime,movie,Papanasam,179.0,2015,7720,8.4,Desperate measures are taken by a man who tries to save his family from the dark side of the law after they commit an unexpected crime.
24010,India,Horror,movie,Pizza,127.0,2012,8178,8.0,A pizza delivery boy lands in a mysterious circumstance and it works a dramatic change in his life.
24262,Canada,Crime,tvSeries,North of 60,60.0,1992,606,8.4,"A mystery drama series about trials and tribulations of Aboriginal people in the fictional town of Lynx River, Northwest Territories."
23760,United States,Horror,tvSeries,World Premiere,-1.0,2003,630,8.1,"Add a Plot
"
23356,United Kingdom,Sport,tvSeries,Formula 1: BBC Sport,-1.0,2009,646,8.5,"News, reports, commentary and features from the world of Formula 1."
22733,India,Crime,movie,Ulidavaru Kandanthe,154.0,2014,8770,8.4,"A journalist sets out to uncover the truth behind an incident, through the perspectives of different people, unraveling how they and their lives are intertwined with it."
22755,United States,Crime,tvSeries,Murder Chose Me,-1.0,2017,686,8.0,"Homicide detective, Rod Demery, races against the clock to catch criminals running loose on the streets of Shreveport, Louisiana."
22758,India,Crime,tvSeries,Gangs of Puri,-1.0,2022,686,9.3,"Age old rivalry between two head honchos of Puri, Babu Jena and Loka Nana that leads to the creation of a new Nana in town and ultimately ignites a deadly blood feud."
22920,United States,Crime,tvSeries,City Confidential,50.0,1998,666,8.6,"City Confidential features real life stories in a wide variety of American cities. While many of these stories deal with murder, some also deal with attempted murder, and public officials caught in compromising situations, among other things. The cities featured vary widely in size, from the smallest village to the largest urban areas."
21490,United States,Sport,tvSeries,Inside the NBA,30.0,1988,751,8.7,"Join Ernie, Kenny, Shaq and Charles as they talk about what's happening inside the NBA."
21288,India,Crime,tvSeries,Powder,-1.0,2010,779,8.6,Based on the fight against drug abuse in India. Usmaan Ali Malik heads a team of Narcotics Control Bureau (NCB) officers to take head on the drug peddlers led by drug baron Naved Ahmed Ansari.
20464,United Kingdom,Thriller,tvSeries,The Sandbaggers,60.0,1978,822,8.8,The missions of an elite British Intelligence covert operations unit.
20950,United Kingdom,Crime,tvSeries,Callan,60.0,1967,791,8.3,"David Callan is the top agent/assassin for the Security Service (British counterintelligence), but he is an embittered man who performs his duties ""for Queen and country"" under duress. This...                 »
"
19969,United States,Crime,tvSeries,To Catch a Predator,44.0,2004,856,8.1,"To Catch a Predator is an American reality television series that features hidden camera investigations by the television news magazine program Dateline NBC. It was devoted to impersonating...                 »
"
19695,India,Crime,movie,Maqbool,132.0,2003,11209,8.0,The intrigue of the Shakespearean tragedy 'Macbeth' is transposed to the Mumbai underworld.
19748,India,Crime,movie,Visaaranai,117.0,2015,11118,8.5,Four labourers are tortured by the police to confess to a theft they have not committed.
19887,United States,Crime,tvSeries,Masterpiece Mystery,60.0,1980,872,8.9,An anthology series featuring various predominately British mystery stories.
18062,Japan,Crime,movie,The Bad Sleep Well,151.0,1960,13118,8.0,A vengeful young man marries the daughter of a corrupt industrialist in order to seek justice for his father's suicide.
17565,United States,Crime,movie,I Am a Fugitive from a Chain Gang,92.0,1932,13725,8.2,"Wrongly convicted James Allen serves in the intolerable conditions of a Southern chain gang, which later comes back to haunt him."
17167,India,Crime,movie,Jana Gana Mana,162.0,2022,14137,8.3,"As a college professor's brutal murder sparks student unrest, a cop launches an investigation while a lawyer seeks justice in the the courtroom."
17415,United States,Crime,tvSeries,Vengeance Unlimited,60.0,1998,1119,8.7,The mysterious Mr. Chapel helps others to gain vengeance against criminals.
16483,Canada,Crime,tvSeries,Da Vinci's Inquest,44.0,1998,1233,8.1,A Vancouver cop turned coroner searches for truth and justice with the help of his friends.
16507,India,Crime,movie,Gulaal,140.0,2009,15319,8.0,"A law student witnesses deception, homicide, and crime after being elected as General Secretary of his college."
16797,United States,Sport,tvSeries,NBC Sunday Night Football,-1.0,2006,1216,8.0,Professional football games (NFL) played on Sunday nights.
16876,United States,Sport,tvSeries,Beijing 2008: Games of the XXIX Olympiad,-1.0,2008,1196,8.0,"Broadcast television coverage of the Beijing 2008: Summer Olympics Games of the XXIX Olympiad, an international multi-sport competition that took place in and around Beijing, China from 06 August 2008 through 24 August 2008."
16887,India,Crime,tvSeries,Byomkesh,-1.0,2017,1192,8.2,"Set in 1930s the series is based on the adventures of Byomkesh and his friend and biographer Ajit, who accompanies Bakshi during his investigations."
16014,India,Crime,movie,Dhuruvangal Pathinaaru,105.0,2016,16111,8.2,"A police officer retires after an accident during a case investigation. Years later, he is forced to relive the past as he narrates the story to his friend's son."
16286,India,Crime,tvSeries,Kudi Yedamaithe,33.0,2021,1284,8.2,"Kudi Yedamaithe revolves around Durga and Aditya, who are caught in a time loop and face a life-threatening situation."
15653,India,Crime,movie,Section 375,124.0,2019,16515,8.1,"A celebrated Bollywood director Rohan Khurana stands accused by a female member of his crew, Anjali Dangle of having raped her at his residence."
15962,United States,Crime,tvSeries,Naked City,60.0,1958,1303,8.2,The cases of the N.Y.P.D.'s 65th Precinct.
14977,Canada,Crime,tvSeries,19-2,60.0,2011,1457,8.6,"Officer Nick Beroff, 17 years of service for Montreal's police, is not happy to be stuck with Ben Chartier, newly transferred from S.Q (provincial police), as a partner, but after the ...                 »
"
15283,India,Crime,tvSeries,Adaalat,42.0,2010,1441,8.1,Lawyer K.D. Pathak takes up the challenge of defending the accused by personally investigating the crime.
15347,United States,Crime,tvSeries,Ellery Queen,100.0,1975,1418,8.3,The son of a police detective solves baffling crimes.
15371,United States,Crime,tvSeries,Playmakers,491.0,2003,1411,8.4,The series is a gritty ensemble drama about the off-field lives of a group of players on a pro football team and how they deal with the pressure of being on the professional level.
14777,United Kingdom,Crime,tvSeries,Rumpole of the Bailey,60.0,1978,1522,8.4,The cases of a portly and eccentric criminal law barrister.
14885,United States,Crime,tvSeries,Thriller,50.0,1960,1488,8.2,"Now available for the first time, experience the complete series hailed as the most frightening ever created for television."
14269,United States,Horror,tvSeries,Marble Hornets,217.0,2009,1612,8.1,"When film student Jay gets some tapes from his friend Alex containing footage of a cancelled film project called Marble Hornets, he is followed by an entity called The Operator and finds out the secrets behind the tapes."
14408,United States,Crime,tvSeries,Live PD,135.0,2016,1560,8.1,A live look inside the everyday calls of police officers across the nation.
14451,United Kingdom,Crime,tvSeries,Traffik,315.0,1989,1545,8.4,"The Hamburg police arrest an international businessman, charging him with smuggling heroin from Pakistan. While he's on trial, his trophy wife, a former Olympic swimmer, discovers steely ...                 »
"
13636,India,Crime,movie,Nayakan,145.0,1987,20861,8.6,"A common man's struggles against a corrupt police force put him on the wrong side of the law. He becomes a don, who is loved and respected by many, but his growing power and influence exact a heavy toll."
13779,India,Crime,tvSeries,Iru Dhuruvam,27.0,2019,1707,8.0,"The series consists of hard-core police investigation stories dealing with investigation, detection and suspense."
13837,United States,Crime,tvSeries,Chiefs,200.0,1983,1680,8.1,Three generations of police chiefs for a southern town go about their jobs while a serial murderer operates.
12916,United States,Crime,tvSeries,Brimstone,60.0,1998,1861,8.1,"A dead cop, sentenced to Hell, is returned to Earth by the Devil to recover 113 escaped evil spirits."
12303,United States,Crime,tvSeries,Profit,90.0,1996,2068,8.6,"Jim Profit works for a multinational company and isn't above using any means necessary to get ahead, which includes bribery, blackmail, intimidation, extortion, and even murder. Everyone at...                 »
"
11823,United States,Crime,tvSeries,Boomtown,45.0,2002,2195,8.1,"Each episode of this series, set in present day Los Angeles, examines one crime from many different viewpoints - uniformed cops, detectives, witnesses, the media, the fire department and rescue squad, even the criminals themselves."
11373,United States,Crime,tvSeries,Murder One,60.0,1995,2320,8.2,"Theodore Hoffman is a prominent defense attorney in a prestigious Los Angeles law firm. After successfully defending the wealthy but suspicious Richard Cross in a lurid murder trial, he is ...                 »
"
10008,India,Crime,movie,Article 15,130.0,2019,34775,8.1,"In the rural heartlands of India, an upright police officer sets out on a crusade against violent caste-based crimes and discrimination."
10097,India,Crime,movie,Drishyam 2,140.0,2022,33912,8.2,A gripping tale of an investigation and a family which is threatened by it. Will Vijay Salgaonkar be able to protect his family this time?
10268,Canada,Crime,tvSeries,19-2,60.0,2014,2752,8.1,The day to day of two unwilling patrol officers affected by troubled pasts.
9625,India,Crime,movie,Talvar,132.0,2015,36198,8.1,An experienced investigator confronts several conflicting theories about the perpetrators of a violent double homicide.
9942,United Kingdom,Crime,tvSeries,Mystery!: Cadfael,75.0,1994,2811,8.1,The medieval era cases of a Crusader-turned-Monk who investigates mysteries in the Norman English town of Shrewsbury.
9180,India,Crime,movie,Drishyam 2,152.0,2021,38622,8.4,A gripping tale of an investigation and a family which is threatened by it. Will Georgekutty be able to protect his family this time?
9186,United States,Crime,movie,Out of the Past,97.0,1947,38524,8.0,"A private eye escapes his past to run a gas station in a small town, but his past catches up with him. Now he must return to the big city world of danger, corruption, double crosses, and duplicitous dames."
9372,United States,Crime,tvSeries,Crime Story,60.0,1986,3097,8.3,The saga of a Chicago police detective's efforts to stop a young hood's ruthless rise in the ranks of organized crime.
9435,United Kingdom,Crime,tvSeries,Prime Suspect 6: The Last Witness,195.0,2003,3039,8.2,"Detective Superintendent Jane Tennison's (Dame Helen Mirren's) investigation of the murder of a Bosnian refugee leads her to one, or possibly two, Serbian war criminals determined to silence the last witness to a massacre a decade before."
8927,United Kingdom,Crime,tvSeries,Prime Suspect 7: The Final Act,182.0,2006,3300,8.3,"Approaching retirement, Jane Tennison investigates the murder of a missing girl. But the cracks soon begin to show as Jane struggles with an alcohol problem and her father's death."
8094,Japan,Crime,movie,High and Low,143.0,1963,46857,8.4,An executive of a Yokohama shoe company becomes a victim of extortion when his chauffeur's son is kidnapped by mistake and held for ransom.
8148,India,Crime,movie,Pink,136.0,2016,46146,8.1,"When three young women are implicated in a crime, a retired lawyer steps forward to help them clear their names."
8331,United Kingdom,Crime,tvSeries,Prime Suspect 3,207.0,1993,3711,8.1,"Assigned to a Vice squad, Detective Chief Inspector Jane Tennison (Dame Helen Mirren) investigates a child murder and discovers a sinister link to the police."
8458,United States,Crime,tvSeries,Ray Donovan: Behind the Fix,-1.0,2014,3548,8.3,Ray shows the audience a behind the scenes look at the day to day activities involved in running his nail salon.
7925,United States,Crime,tvSeries,The First 48,60.0,2004,3904,8.2,The series follows detectives during the hours immediately following a homicide.
7972,United Kingdom,Crime,tvSeries,Prime Suspect 2,203.0,1992,3841,8.1,Detective Chief Inspector Jane Tennison's (Dame Helen Mirren's) investigation of a murder is complicated with the unexpected participation of her secret lover in her detective unit.
7062,India,Crime,movie,Special 26,144.0,2013,57213,8.0,A gang of con-men rob prominent rich businessmen and politicians by posing as C.B.I and income tax officers.
7458,India,Crime,tvSeries,Vadhandhi: The Fable of Velonie,50.0,2022,4266,8.2,"The murder of a beautiful young girl, seen from the Rashomon-esque perspectives of an unrelenting obsessed cop, a novelist captivated by her grace and an opportunistic news editor."
5996,United Kingdom,Crime,tvSeries,No Offence,42.0,2015,5736,8.0,"Follows a group of police officers on the front line wondering what they did to end up where they are now, on the ugly side of Manchester."
6308,United States,Horror,tvSeries,Kolchak: The Night Stalker,51.0,1974,5600,8.5,"Carl Kolchak is a reporter for a Chicago newspaper. Through more accident than design he ends up investigating homicides, many of which involve supernatural forces. Ultimately, rather than reporting on the crimes, he solves them."
6475,United States,Crime,tvSeries,The Corner,376.0,2000,5205,8.6,Chronicles West Baltimore family living in poverty on the front lines of America's drug war.
6885,United States,Crime,tvSeries,The Alfred Hitchcock Hour,50.0,1962,4813,8.5,A continuation of the dramatic anthology series Alfred Hitchcock Presents (1955) hosted by the Master of Suspense and Mystery.
6910,United Kingdom,Crime,tvSeries,The Shadow Line,60.0,2011,4754,8.0,"Christopher Eccleston and Chiwetel Ejiofor star in this intricate conspiracy thriller set in a world of blurred morality, inhabited by conflicted characters on both sides of the law."
5043,India,Crime,movie,Drishyam,163.0,2015,87508,8.2,"Desperate measures are taken by a man who tries to save his family from the dark side of the law, after they commit an unexpected crime."
5303,United Kingdom,Crime,tvSeries,Cracker,100.0,1993,7233,8.5,"Dr Edward ""Fitz"" Fitzgerald is a criminal psychologist. He is rather anti-social and obnoxious but he has a gift for solving crimes. Thus he is employed as a consultant by the Manchester Police."
5379,India,Crime,tvSeries,High,35.0,2020,6937,8.3,Shiv Mathur is an addict and eventually finds himself in a rehab facility. The rehab is run by people who are working on a mysterious compound. This magical pill seems to have an edge above all; but is this miracle drug worth dying for?
5488,India,Thriller,tvSeries,Matsya Kaand,-1.0,2021,6525,8.9,"A master of disguise, a charmer, and a smooth talker - this is a story about genius conman Matsya Thada. Fate throws him a curveball when a cunning and ruthless cop wants to apprehend him at any cost."
5756,United States,Crime,tvSeries,Sleeper Cell,60.0,2005,6453,8.0,An American undercover FBI agent is assigned to infiltrate a terrorist sleeper cell that is planning an attack in Los Angeles.
5791,India,Crime,tvSeries,Ek Thi Begum,27.0,2020,6358,8.7,"Inspired by true events - 'Ek Thi Begum', is the untold revenge story of Ashraf a.k.a Sapna."
5868,United States,Crime,tvSeries,Power Book IV: Force,57.0,2022,6094,8.1,Follows Tommy Egan after he cuts ties and puts New York in his rear-view mirror for good.
5940,United States,Crime,tvSeries,The Godfather: A Novel for Television,434.0,1977,5910,9.5,The Godfather (1972) and The Godfather Part II (1974) were re-edited together in chronological order with additional footage added.
5945,United Kingdom,Crime,tvSeries,The Case-Book of Sherlock Holmes,60.0,1991,5884,8.7,"Holmes and Dr. Watson solve the mysteries of the Disappearance of Lady Frances Carfax, Thor Bridge, Shoscombe Old Place, The Boscombe Valley Mystery, The Illustrious Client and The Creeping Man."
4584,India,Crime,movie,Andhadhun,139.0,2018,96090,8.2,"A series of mysterious events change the life of a blind pianist, who must now report a crime that he should technically know nothing of."
4696,United States,Crime,movie,The Night of the Hunter,92.0,1955,91531,8.0,"A religious fanatic marries a gullible widow whose young children are reluctant to tell him where their real daddy hid the $10,000 he'd stolen in a robbery."
4775,United Kingdom,Crime,tvSeries,Prime Suspect,207.0,1991,8394,8.3,A female police detective investigates a series of serial murders while dealing with sexist hostility from her male comrades.
4801,India,Crime,tvSeries,Suzhal - The Vortex,46.0,2022,8302,8.2,"In a small South Indian town, a seemingly routine minor case explodes into a twisted crime thriller that rips apart its social fabric."
4850,United Kingdom,Crime,tvSeries,The Memoirs of Sherlock Holmes,306.0,1994,8096,8.6,The last installment of Sherlock Holmes' investigations.
4949,United Kingdom,Crime,tvSeries,Inspector George Gently,89.0,2007,7626,8.1,"With the help of DS John Bacchus, Inspector George Gently spends his days bringing to justice members of the criminal underworld who are unfortunate enough to have the intrepid investigator assigned to their cases."
4959,United Kingdom,Crime,tvSeries,Jekyll,334.0,2007,7593,8.0,"London, 2007. Tom Jackman is the only living descendent of Dr. Jekyll and Mr. Hyde. He has made a deal with his dark side: a body share. What Mr. Hyde doesn't know is that Tom has a family....                 »
"
4968,India,Crime,tvSeries,Undekhi,32.0,2020,7555,8.0,"A dancer is killed in a fit of rage at the wedding of the scion of the Atwal family. A cop comes looking for the girl, while a film crew wants to expose the Atwals for their heinous crime. The Atwals will go to any lengths to remove pawns."
4136,United States,Crime,movie,Touch of Evil,95.0,1958,106280,8.0,"A stark, perverse story of murder, kidnapping and police corruption in a Mexican border town."
4283,United States,Crime,tvSeries,The Rockford Files,50.0,1974,9735,8.2,The cases of an easy-going ex-convict turned private investigator.
4291,United Kingdom,Crime,tvSeries,Scott & Bailey,45.0,2011,9686,8.0,Detectives Janet Scott & Rachel Bailey investigate murders with Manchester Police's Major Incident Team.
4315,United States,Crime,tvSeries,Hill Street Blues,60.0,1981,9565,8.2,The lives and work of the staff of an inner city police precinct.
4466,United Kingdom,Crime,tvSeries,Wire in the Blood,69.0,2002,8705,8.3,A psychologist gets inside of the minds of both killers and victims to aid the police in solving gruesome serial killings in Northern England.
3524,United States,Crime,movie,Witness for the Prosecution,116.0,1957,127873,8.4,A veteran British barrister must defend his client in a murder trial that has surprise after surprise.
3787,United States,Crime,tvSeries,Millennium,45.0,1996,11520,8.0,"A former FBI profiler with the ability to look inside the mind of a killer begins working for the mysterious Millennium Group which investigates serial killers, conspiracies, the occult, and those obsessed with the end of the millennium."
3823,United States,Crime,tvSeries,Good Behavior,60.0,2016,11170,8.0,"Letty Raines is a thief and con artist whose life is always one wrong turn, one bad decision, from implosion. Which is just how she likes it."
3907,United Kingdom,Crime,tvSeries,Ashes to Ashes,60.0,2008,10524,8.2,"After being shot in 2008 while investigating DCI Sam Tyler, DI Alex Drake wakes up in 1981."
3910,India,Crime,tvSeries,Cat,45.0,2022,10508,8.3,"A former police informant is forced to become an informant again to save the life of his brother, which forces him to come to terms with his dark past."
3982,United Kingdom,Crime,tvSeries,Bleak House,510.0,2005,10089,8.3,A suspenseful tale about the injustices of the 19th Century English legal system.
3271,India,Crime,tvSeries,The Gone Game,20.0,2020,14331,8.0,"Season 2 continues the chase for Sahil Gujral with a big opening twist-Sahil's wife, Suhani- the one he framed for his murder is shot dead. Will the secrets buried in Season 1 be exposed or will Sahil get away with the gone game once more?"
3284,United States,Crime,tvSeries,The Black Donnellys,60.0,2007,14181,8.1,Four young Irish brothers are caught up in New York's underworld of organized crime.
3292,India,Thriller,tvSeries,Candy,39.0,2021,14057,8.3,"In misty Rudrakund, the brutal murder of a school student pushes troubled teacher Jayant Parekh and cop Ratna Sankhawar to unravel a web of sinister secrets involving rave parties, cold cases, a demon in the woods and a hallucinogen, Candy"
3308,United Kingdom,Crime,tvSeries,Inspector Lewis,90.0,2006,13915,8.1,DI Robert Lewis and DS James Hathaway solve the tough cases that the learned inhabitants of Oxford throw at them.
3336,United States,Crime,tvSeries,Quarry,60.0,2016,13633,8.0,"Quarry, a disillusioned Vietnam War vet, returns home to Memphis in 1972 only to find rejection and scrutiny at every step. A mysterious man known only as The Broker gives him an offer he can't refuse - to work for him as a hitman."
3368,United States,Crime,tvSeries,Homicide: Life on the Street,60.0,1993,13208,8.7,Life on the Street is an American police procedural television series chronicling the work of a fictional version of the Baltimore Police Department's Homicide Unit.
3382,India,Crime,tvSeries,Abhay,35.0,2019,13012,8.0,"Abhay Pratap Singh, the gutsy cop who can outwit any criminal, is back. Only this time, he is up against some sharper and hardened evil masterminds. Join him as he sets out on the road to justice with a darker and edgier."
3398,United Kingdom,Crime,tvSeries,Inspector Morse,100.0,1987,12878,8.2,"Chief Inspector Morse has an ear for Western classical music, a taste for beer, and a nose for crime. He and Detective Sergeant Robert Lewis solve intriguing cases in and around the Oxford area."
3421,United Kingdom,Crime,tvSeries,The Return of Sherlock Holmes,60.0,1986,12578,8.7,"Sherlock Holmes and Dr Watson solve the mysteries of the devil's foot, Silver Blaze, Wisteria Lodge and the Bruce-Partington Plans."
2503,United States,Crime,movie,Cool Hand Luke,127.0,1967,179877,8.1,"A laid back Southern man is sentenced to two years in a rural prison, but refuses to conform."
2509,United States,Crime,movie,Dial M for Murder,105.0,1954,178818,8.2,A former tennis star arranges the murder of his adulterous wife.
2575,Japan,Crime,movie,Rashomon,88.0,1950,171210,8.2,"The rape of a bride and the murder of her samurai husband are recalled from the perspectives of a bandit, the bride, the samurai's ghost and a woodcutter."
2658,United States,Crime,movie,The Maltese Falcon,100.0,1941,161068,8.0,"San Francisco private detective Sam Spade takes on a case that involves him with three eccentric criminals, a gorgeous liar and their quest for a priceless statuette, with the stakes rising after his partner is murdered."
2669,United States,Crime,movie,Double Indemnity,107.0,1944,159578,8.3,"A Los Angeles insurance representative lets an alluring housewife seduce him into a scheme of insurance fraud and murder that arouses the suspicion of his colleague, an insurance investigator."
2685,United States,Crime,movie,On the Waterfront,108.0,1954,157359,8.1,"An ex-prize fighter turned New Jersey longshoreman struggles to stand up to his corrupt union bosses, including his older brother, as he starts to connect with the grieving sister of one of the syndicate's victims."
2753,United States,Crime,tvSeries,Boss,56.0,2011,17920,8.1,"Mayor Tom Kane, diagnosed with a dementia disorder, struggles to keep his grip on power in Chicago."
2765,India,Crime,tvSeries,Criminal Justice,50.0,2019,17724,8.1,"Sex, drugs and a gruesome murder. An edgy one night stand turns into a nightmare for Aditya, when he wakes up with blood on his hands. The evidence is stacked against him, but he doesn't remember the grisly crime. Is he guilty or not ?"
2854,United Kingdom,Crime,tvSeries,Vera,90.0,2011,16582,8.1,"With her caustic wit and singular charm, DCI Vera Stanhope leads her team as they face a series of captivating murder mysteries set against the breathtaking Northumberland landscape."
2861,United States,Crime,tvSeries,Godfather of Harlem,55.0,2019,16400,8.1,"A gangster named Bumpy Johnson makes his way in Harlem during the 1960s. A TV prequel to the 2007 film, 'American Gangster', which centered on the criminal enterprise of Frank Lucas."
2864,United Kingdom,Crime,tvSeries,Foyle's War,90.0,2002,16362,8.6,"As WWII rages, DCS Foyle fights his own war on the home-front; investigating crime on the south coast of England. Later series, see the retired detective working as an MI5 agent in the aftermath of the war."
2909,India,Crime,tvSeries,"Illegal - Justice, Out of Order",-1.0,2020,15665,8.1,"Illegal is a racy legal drama that follows an idealist lawyer, Niharika Singh, taking on her powerful mentor, Janardhan Jaitley in a battle that constantly pushes the line between legal and illegal."
2943,Canada,Crime,tvSeries,Murdoch Mysteries,48.0,2008,15305,8.2,"In the 1890s, William Murdoch uses radical forensic techniques for the time, including fingerprinting and trace evidence, to solve some of the city's most gruesome murders."
2069,India,Crime,movie,Jai Bhim,164.0,2021,204931,8.8,"When a tribal man is arrested for a case of alleged theft, his wife turns to a human-rights lawyer to help bring justice."
2259,United Kingdom,Crime,tvSeries,Hustle,60.0,2004,22991,8.2,A motley group of London con artists pulls off a series of daring and intricate stings.
2270,United Kingdom,Crime,tvSeries,The Adventures of Sherlock Holmes,60.0,1984,22867,8.7,"Sherlock Holmes and Dr Watson solve the mysteries of copper beeches, a Greek interpreter, the Norwood builder, a resident patient, the red-headed league, and one final problem."
2301,United Kingdom,Crime,tvSeries,Time,59.0,2021,22047,8.2,"Eric is a prison officer who tries to protect those in his charge. When one of the most dangerous inmates identifies his weakness, Eric faces an impossible choice between his principles and his love for his family."
2320,United Kingdom,Crime,tvSeries,Ripper Street,59.0,2012,21665,8.1,"The streets of Whitechapel are the haunt of Detective Inspector Edmund Reid and his team of officers, who aim to maintain law and order in a place once terrorized by Jack the Ripper."
2330,United States,Crime,tvSeries,Poker Face,58.0,2023,21366,8.0,Charlie has an extraordinary ability to determine when someone is lying. She hits the road with her Plymouth Barracuda and with every stop encounters a new cast of characters and strange crimes she can't help but investigate and solve.
2369,India,Crime,tvSeries,Breathe,45.0,2018,20487,8.3,This series just asks one question - how far will you go to protect the one you love. Two desperate and driven men must engage in the ultimate cat and mouse game to save the one they love.
2392,United Kingdom,Crime,tvSeries,Shetland,60.0,2013,20115,8.2,DI Jimmy Perez and his team investigate crimes within the close knit island community of Shetland.
2393,United States,Crime,tvSeries,Snowfall,44.0,2017,20113,8.2,A look at the early days of the crack cocaine epidemic in Los Angeles during the beginning of the 1980s.
2419,United States,Crime,tvSeries,Bosch: Legacy,50.0,2022,19537,8.5,"Bosch embarks on the next chapter of his career and finds himself working with his one-time enemy, Honey Chandler."
2446,United States,Crime,tvSeries,Leverage: Redemption,-1.0,2021,19072,8.2,"The Hitter, the Hacker, the Grifter and the Thief are back, this time with help from a new tech genius and corporate fixer, to take on a new kind of villain. When someone needs help, they provide...Leverage."
1764,United States,Crime,tvSeries,Tokyo Vice,60.0,2022,31228,8.0,A Western journalist working for a publication in Tokyo takes on one of the city's most powerful crime bosses.
1767,United Kingdom,Crime,tvSeries,Life on Mars,60.0,2006,31137,8.4,"After being involved in a car accident in 2006, DCI Sam Tyler wakes up to find himself in 1973."
1774,United States,Crime,tvSeries,Damages,60.0,2007,30627,8.1,A law school graduate becomes the protégée of a successful high-stakes litigator.
1790,United States,Crime,tvSeries,The Good Fight,45.0,2017,29717,8.3,"When Diane Lockhart's life savings are lost, she must start from scratch at a new firm."
1828,United Kingdom,Crime,tvSeries,Endeavour,89.0,2012,28196,8.6,"Set from 1965 into the 1970s, the show follows Endeavour Morse in his early years as a police constable. Working alongside his senior partner DI Fred Thursday, Morse engages in a number of investigations around Oxford."
1832,United Kingdom,Crime,tvSeries,The Missing,60.0,2014,27998,8.2,Tony and Emily Hughes' vacation turns into a nightmare when their 5-year-old son Oliver disappears from a large celebrating crowd in Northern France.
1849,United Kingdom,Crime,tvSeries,Top Boy,60.0,2011,27569,8.4,Two London drug dealers ply their lucrative trade at a public housing estate in East London.
1851,United States,Crime,tvSeries,Southland,42.0,2009,27497,8.5,The lives of Police Officers working for the Los Angeles Police Department.
1934,United Kingdom,Crime,tvSeries,River,60.0,2015,25033,8.0,John River is a brilliant police inspector whose genius lies side-by-side with the fragility of his mind. He is a man haunted by the murder victims whose cases he must lay to rest.
1940,United Kingdom,Crime,tvSeries,Unforgotten,45.0,2015,24882,8.3,"London detectives investigate crimes from the past, unravelling secrets left buried for years."
1961,India,Crime,tvSeries,Farzi,56.0,2023,24347,8.5,"An artist who gets pulled into the murky high stakes of a con job and a fiery task force officer on the mission to rid the country of his menaces in a fast-paced, edgy one-of-a-kind thriller."
1974,India,Crime,tvSeries,Delhi Crime,50.0,2019,24014,8.5,"Based on the Nirbhaya case, Delhi Crime follows the Delhi Police investigation into the finding of the men who perpetrated this crime."
1079,United States,Crime,movie,To Kill a Mockingbird,129.0,1962,319951,8.3,"Atticus Finch, a widowed lawyer in Depression-era Alabama, defends a Black man against an undeserved rape charge, and tries to educate his young children against prejudice."
1251,United States,Crime,tvSeries,Power,50.0,2014,48243,8.1,"James ""Ghost"" St. Patrick, a wealthy New York nightclub owner who has it all, catering to the city's elite and dreaming big, lives a double life as a drug kingpin."
1267,United Kingdom,Crime,tvSeries,Poirot,100.0,1989,47380,8.6,"The cases of eccentric, but sharp, Belgian detective Hercule Poirot."
1306,United States,Crime,tvSeries,Tulsa King,40.0,2022,44311,8.1,"Following his release from prison, Mafia capo Dwight ""The General"" Manfredi is exiled to Tulsa, Oklahoma, where he builds a new criminal empire with a group of unlikely characters."
1327,India,Crime,tvSeries,Asur: Welcome to Your Dark Side,43.0,2020,42862,8.4,"A unique crime thriller that pits two opposing worlds against each other. The less explored, intricate world of forensic science and the deep mysticism of ancient Indian Mythology."
1365,United States,Crime,tvSeries,Animal Kingdom,60.0,2016,40283,8.2,"Centers on a Southern California family, whose excessive lifestyle is fueled by their criminal activities."
1397,United States,Crime,tvSeries,Sneaky Pete,60.0,2015,37972,8.1,"A con man on the run from a vicious gangster takes cover by assuming the identity of his prison cellmate Pete, and reuniting with Pete's estranged family, which threatens to drag him into a world just as dangerous as the one he's escaping."
1402,United States,Crime,tvSeries,Columbo,100.0,1971,37337,8.3,Los Angeles homicide detective Lieutenant Columbo uses his humble ways and ingenuous demeanor to winkle out even the most well-concealed of crimes.
1446,United States,Crime,tvSeries,Life,45.0,2007,34474,8.3,A former police officer returns to the force after having been wrongly imprisoned for years.
1465,United States,Crime,tvSeries,Mayor of Kingstown,-1.0,2021,33830,8.2,"The McLusky family are power brokers tackling themes of systemic racism, corruption and inequality in Kingstown, Michigan, where the business of incarceration is the only thriving industry."
515,United States,Crime,movie,Casino,178.0,1995,528943,8.2,"A tale of greed, deception, money, power, and murder occur between two best friends: a mafia enforcer and a casino executive compete against each other over a gambling empire, and over a fast-living and fast-loving socialite."
615,United States,Horror,movie,The Thing,109.0,1982,433260,8.2,A research team in Antarctica is hunted by a shape-shifting alien that assumes the appearance of its victims.
648,United States,Horror,movie,The Exorcist,122.0,1973,416016,8.1,"When a teenage girl is possessed by a mysterious entity, her mother seeks the help of two priests to save her daughter."
751,United States,Crime,tvSeries,The Americans,44.0,2013,102458,8.4,"At the height of the Cold War, two Russian agents pose as the average American couple, complete with family."
755,United States,Crime,tvSeries,Oz,55.0,1997,101393,8.7,A series chronicling the daily activities of an unusual prison facility and its criminal inhabitants.
772,United Kingdom,Crime,tvSeries,The Night Manager,358.0,2016,93813,8.0,The night manager of a Cairo hotel is recruited to infiltrate an arms dealer's inner circle.
776,United States,Crime,tvSeries,Dexter: New Blood,529.0,2021,91695,8.1,"Set 10 years after Dexter Morgan went missing in the eye of Hurricane Laura, he is now living under an assumed name in Upstate New York, Iron Lake, far from his original home in Miami."
788,United States,Crime,tvSeries,Ray Donovan,60.0,2013,88991,8.3,"Ray Donovan, a professional ""fixer"" for the rich and famous in Los Angeles, can make anyone's problems disappear except those created by his own family."
797,United States,Crime,tvSeries,Narcos: Mexico,50.0,2018,86587,8.4,The rise of the Guadalajara Cartel as an American DEA agent learns the danger of targeting narcos in Mexico.
814,United States,Crime,tvSeries,The Shield,47.0,2002,82593,8.7,Drama series following the lives and cases of dirty cop Vic Mackey and the corrupt LAPD unit under his command.
828,United States,Crime,tvSeries,The Good Wife,43.0,2009,77843,8.4,"Alicia Florrick has been a good wife to her husband, a former state's attorney. After a very humiliating sex and corruption scandal, he is behind bars. She must now provide for her family and returns to work as a litigator in a law firm."
841,United States,Crime,tvSeries,Veronica Mars,44.0,2004,74922,8.4,"After her best friend is murdered, and her father is removed as county Sheriff, Veronica Mars dedicates her life to cracking the toughest mysteries in the affluent town of Neptune."
843,United States,Crime,tvSeries,Bosch,51.0,2014,74566,8.5,An L.A.P.D. homicide detective works to solve the murder of a 13-year-old boy while standing trial in federal court for the murder of a serial killer.
867,United States,Crime,tvSeries,Twin Peaks,60.0,2017,69861,8.5,Picks up 25 years after the inhabitants of a quaint northwestern town are stunned when their homecoming queen is murdered.
894,United Kingdom,Crime,tvSeries,Line of Duty,60.0,2012,62288,8.7,"Drama series following the investigations of AC-12, a controversial police anti-corruption unit."
908,India,Crime,tvSeries,Paatal Lok,44.0,2020,60665,8.0,A down-and-out cop lands the case of a lifetime when four suspects are nabbed in the assassination attempt of a journalist. The pursuit leads him to 'Paatal Lok' and to shocking discoveries in the four suspects' pasts.
920,United States,Crime,tvSeries,Forever,43.0,2014,58923,8.2,A 200-year-old man works in the New York City Morgue trying to find a key to unlock the curse of his immortality.
977,United Kingdom,Crime,tvSeries,Happy Valley,58.0,2014,52192,8.5,Yorkshire-based crime drama centering on the personal and professional life of Police Sergeant Catherine Cawood.
5,United States,Crime,movie,Pulp Fiction,154.0,1994,2085521,8.9,"The lives of two mob hitmen, a boxer, a gangster and his wife, and a pair of diner bandits intertwine in four tales of violence and redemption."
8,United States,Crime,movie,The Godfather,175.0,1972,1886953,9.2,The aging patriarch of an organized crime dynasty in postwar New York City transfers control of his clandestine empire to his reluctant youngest son.
13,United States,Crime,movie,Se7en,127.0,1995,1677190,8.6,"Two detectives, a rookie and a veteran, hunt a serial killer who uses the seven deadly sins as his motives."
18,United States,Crime,movie,The Silence of the Lambs,118.0,1991,1451934,8.6,"A young F.B.I. cadet must receive the help of an incarcerated and manipulative cannibal killer to help catch another serial killer, a madman who skins his victims."
25,United States,Crime,movie,The Departed,151.0,2006,1342317,8.5,An undercover cop and a mole in the police attempt to identify each other while infiltrating an Irish gang in South Boston.
28,United States,Crime,movie,Joker,122.0,2019,1325299,8.4,"The rise of Arthur Fleck, from aspiring stand-up comedian and pariah to Gotham's clown prince and leader of the revolution."
29,United States,Crime,movie,The Green Mile,189.0,1999,1320129,8.6,"The lives of guards on Death Row are affected by one of their charges: a black man accused of child murder and rape, yet who has a mysterious gift."
31,United States,Crime,movie,The Godfather Part II,202.0,1974,1287672,9.0,"The early life and career of Vito Corleone in 1920s New York City is portrayed, while his son, Michael, expands and tightens his grip on the family crime syndicate."
41,United States,Crime,movie,American History X,119.0,1998,1134350,8.5,A former neo-nazi skinhead tries to prevent his younger brother from going down the same wrong path that he did.
48,United States,Crime,movie,The Usual Suspects,106.0,1995,1096339,8.5,"A sole survivor tells of the twisty events leading up to a horrific gun battle on a boat, which began when five criminals met at a seemingly random police lineup."
57,United States,Crime,movie,Reservoir Dogs,99.0,1992,1032722,8.3,"When a simple jewelry heist goes horribly wrong, the surviving criminals begin to suspect that one of them is a police informant."
66,United States,Crime,movie,No Country for Old Men,122.0,2007,990009,8.2,Violence and mayhem ensue after a hunter stumbles upon a drug deal gone wrong and more than two million dollars in cash near the Rio Grande.
74,United Kingdom,Horror,movie,Alien,117.0,1979,894355,8.5,The crew of a commercial spacecraft encounter a deadly lifeform after investigating an unknown transmission.
86,United States,Crime,movie,Scarface,170.0,1983,855380,8.3,"In 1980 Miami, a determined Cuban immigrant takes over a drug cartel and succumbs to greed."
87,United Kingdom,Crime,movie,Slumdog Millionaire,120.0,2008,853946,8.0,"A Mumbai teenager reflects on his life after being accused of cheating on the Indian version of ""Who Wants to be a Millionaire?""."
89,United States,Crime,movie,Taxi Driver,114.0,1976,850377,8.2,"A mentally unstable veteran works as a nighttime taxi driver in New York City, where the perceived decadence and sleaze fuels his urge for violent action."
92,United Kingdom,Crime,movie,A Clockwork Orange,136.0,1971,840312,8.3,"In the future, a sadistic gang leader is imprisoned and volunteers for a conduct-aversion experiment, but it doesn't go as planned."
105,United States,Crime,movie,12 Angry Men,96.0,1957,802552,9.0,The jury in a New York City murder trial is frustrated by a single member whose skeptical caution forces them to more carefully consider the evidence before jumping to a hasty verdict.
118,United States,Crime,movie,Sin City,124.0,2005,775715,8.0,"An exploration of the dark and miserable Basin City and three of its residents, all of whom are caught up in violent corruption."
132,United States,Crime,movie,Prisoners,153.0,2013,733752,8.1,"When Keller Dover's daughter and her friend go missing, he takes matters into his own hands as the police pursue multiple leads and the pressure mounts."
156,United States,Crime,movie,Fargo,98.0,1996,687081,8.1,Minnesota car salesman Jerry Lundegaard's inept crime falls apart due to his and his henchmen's bungling and the persistent police work of the quite pregnant Marge Gunderson.
160,United States,Horror,movie,Psycho,109.0,1960,680397,8.5,"A Phoenix secretary embezzles $40,000 from her employer's client, goes on the run and checks into a remote motel run by a young man under the domination of his mother."
221,United States,Crime,movie,L.A. Confidential,138.0,1997,588954,8.2,"As corruption grows in 1950s Los Angeles, three policemen - one strait-laced, one brutal, and one sleazy - investigate a series of murders with their own brand of justice."
251,United States,Crime,tvSeries,Breaking Bad,49.0,2008,1942663,9.5,A chemistry teacher diagnosed with inoperable lung cancer turns to manufacturing and selling methamphetamine with a former student in order to secure his family's future.
255,United Kingdom,Crime,tvSeries,Sherlock,88.0,2010,941531,9.1,A modern update finds the famous sleuth and his doctor partner solving crime in 21st-century London.
258,United States,Crime,tvSeries,Dexter,53.0,2006,733939,8.7,"He's smart. He's lovable. He's Dexter Morgan, America's favorite serial killer, who spends his days solving crimes and nights committing them."
261,United States,Crime,tvSeries,True Detective,55.0,2014,585218,8.9,"Seasonal anthology series in which police investigations unearth the personal and professional secrets of those involved, both within and outside the law."
262,United Kingdom,Crime,tvSeries,Peaky Blinders,60.0,2013,569862,8.8,"A gangster family epic set in 1900s England, centering on a gang who sew razor blades in the peaks of their caps, and their fierce boss Tommy Shelby."
265,United States,Crime,tvSeries,Better Call Saul,46.0,2015,557116,8.9,The trials and tribulations of criminal lawyer Jimmy McGill in the years leading up to his fateful run-in with Walter White and Jesse Pinkman.
285,United States,Crime,tvSeries,The Sopranos,55.0,1999,414353,9.2,"New Jersey mob boss Tony Soprano deals with personal and professional issues in his home and business life that affect his mental state, leading him to seek professional psychiatric counseling."
289,United States,Crime,tvSeries,Mr. Robot,49.0,2015,394693,8.5,"Elliot, a brilliant but highly unstable young cyber-security engineer and vigilante hacker, becomes a key figure in a complex game of global dominance when he and his shadowy allies try to take down the corrupt corporation he works for."
291,United States,Crime,tvSeries,Fargo,53.0,2014,379781,8.9,"Various chronicles of deception, intrigue and murder in and around frozen Minnesota. Yet all of these tales mysteriously lead back one way or another to Fargo, North Dakota."
293,United States,Crime,tvSeries,The Wire,59.0,2002,347598,9.3,"The Baltimore drug scene, as seen through the eyes of drug dealers and law enforcement."
295,United States,Crime,tvSeries,Homeland,55.0,2011,346773,8.3,A bipolar CIA operative becomes convinced a prisoner of war has been turned by al-Qaeda and is planning to carry out a terrorist attack on American soil.
298,United States,Crime,tvSeries,Lucifer,42.0,2016,332007,8.1,Lucifer Morningstar has decided he's had enough of being the dutiful servant in Hell and decides to spend some time on Earth to better understand humanity. He settles in Los Angeles - the City of Angels.
306,United States,Crime,tvSeries,Ozark,60.0,2017,323200,8.5,"A financial advisor drags his family from Chicago to the Missouri Ozarks, where he must launder money to appease a drug boss."
312,United States,Crime,tvSeries,Sons of Anarchy,45.0,2008,303663,8.6,A biker struggles to balance being a father and being involved in an outlaw motorcycle club.
313,United States,Crime,tvSeries,Mindhunter,60.0,2017,299608,8.6,"Set in the late 1970s, two FBI agents are tasked with interviewing serial killers to solve open cases."
324,United States,Crime,tvSeries,Hannibal,44.0,2013,259672,8.5,Explores the early relationship between renowned psychiatrist Hannibal Lecter and a young FBI criminal profiler who is haunted by his ability to empathize with serial killers.
326,United States,Crime,tvSeries,The Blacklist,43.0,2013,256090,8.0,"A new FBI profiler, Elizabeth Keen, has her entire life uprooted when a mysterious criminal, Raymond Reddington, who has eluded capture for decades, turns himself in and insists on speaking only to her."
342,United States,Crime,tvSeries,The X-Files,45.0,1993,231469,8.6,"Two F.B.I. Agents, Fox Mulder the believer and Dana Scully the skeptic, investigate the strange and unexplained, while hidden forces work to impede their efforts."
353,United States,Crime,tvSeries,Big Little Lies,60.0,2017,206169,8.5,The apparently-perfect lives of upper-class mothers of students at a prestigious elementary school unravel to the point of murder when a single mother moves to their quaint California beach town.
354,United States,Crime,tvSeries,Criminal Minds,42.0,2005,205027,8.1,A group of criminal profilers who work for the FBI as members of its Behavioral Analysis Unit (BAU) using behavioral analysis and profiling to help investigate crimes and find the suspect known as the unsub.
356,United States,Crime,tvSeries,Twin Peaks,47.0,1990,201969,8.8,An idiosyncratic FBI agent investigates the murder of a young woman in the even more idiosyncratic town of Twin Peaks.
359,United States,Crime,tvSeries,Boardwalk Empire,55.0,2010,193071,8.6,An Atlantic City politician plays both sides of the law by conspiring with gangsters during the Prohibition era.
363,United States,Crime,tvSeries,The Mentalist,43.0,2008,188960,8.1,"A famous ""psychic"" outs himself as a fake, and starts working as a consultant for the California Bureau of Investigation so he can find ""Red John"", the madman who killed his wife and daughter."
384,United States,Crime,tvSeries,Mare of Easttown,60.0,2021,164224,8.4,A detective in a small Pennsylvania town investigates a local murder while trying to keep her life from falling apart.
392,United States,Crime,tvSeries,The Night Of,525.0,2016,156696,8.5,"After a night of partying with a woman he picked up, a man wakes up to find her stabbed to death and is charged with her murder."
394,United States,Crime,tvSeries,How to Get Away with Murder,43.0,2014,155689,8.1,A group of ambitious law students and their brilliant criminal defense professor become involved in a twisted murder plot that promises to change the course of their lives.
411,United Kingdom,Crime,tvSeries,Luther,60.0,2010,142114,8.4,DCI John Luther is a near-genius murder detective whose brilliant mind can't always save him from the dangerous violence of his passions.
437,United Kingdom,Crime,tvSeries,Bodyguard,60.0,2018,129082,8.1,A contemporary thriller featuring the Royalty and Specialist Protection Branch of London's Metropolitan Police Service.
449,United States,Crime,tvSeries,Watchmen,527.0,2019,124068,8.2,"Set in an alternate history where masked vigilantes are treated as outlaws, Watchmen embraces the nostalgia of the original groundbreaking graphic novel of the same name, while attempting to break new ground of its own."
453,United States,Crime,tvSeries,Lie to Me,43.0,2009,122435,8.0,"About Cal Lightman, the world's leading deception expert who studies facial expressions and involuntary body language to expose the truth behind the lies."
462,United Kingdom,Crime,tvSeries,Broadchurch,48.0,2013,116863,8.4,"The murder of a young boy in a small coastal town brings a media frenzy, which threatens to tear the community apart."
466,United States,Crime,tvSeries,The Killing,45.0,2011,114964,8.3,"A police investigation, the saga of a grieving family, and a Seattle mayoral campaign all interlock after the body of 17-year-old Rosie Larsen is found in the trunk of a submerged car."
472,United States,Crime,tvSeries,Law & Order: Special Victims Unit,60.0,1999,111700,8.1,"This series follows the Special Victims Unit, a specially trained squad of detectives in the New York City Police Department that investigate sexually related crimes."
478,United States,Crime,tvSeries,Deadwood,55.0,2004,110101,8.6,"A show set in the late 1800s, revolving around the characters of Deadwood, South Dakota; a town of deep corruption and crime."
479,United Kingdom,Crime,tvSeries,The Fall,60.0,2013,109250,8.1,A seemingly cold but very passionate policewoman goes head to head with a seemingly passionate father who is in fact a cold serial killer in this procedural out of Belfast. The only thing they share is their common complexity.
488,United States,Crime,tvSeries,Unbelievable,385.0,2019,106977,8.4,"A teenager is charged with lying about having been raped, but two detectives follow the path to the truth."
493,United States,Crime,tvSeries,Sharp Objects,421.0,2018,105484,8.1,A reporter confronts the psychological demons from her past when she returns to her hometown to cover a violent murder.
